,0 -- 1.93483998,3.22714918,4.33691651,6.96985935,70,GENERAL
NR1H2::RXRA,0.0014992503748125937,0.0005,0.0,0.0010005002501250625,0.0,0.0006000600060006001
BCL6B,0.0009995002498750624,0.0005,0.0,0.0010005002501250625,0.0010005002501250625,0.0007000700070007
ZSCAN16,0.0029985007496251873,0.004,0.0025,0.0025012506253126563,0.0015007503751875938,0.0027002700270027003
GLIS1,0.008995502248875561,0.0035,0.004,0.006003001500750375,0.006003001500750375,0.005700570057005701
IRF2,0.017491254372813594,0.014,0.015,0.017008504252126064,0.015507753876938469,0.0158015801580158
RXRA::VDR,0.02348825587206397,0.0215,0.0205,0.02451225612806403,0.02451225612806403,0.022902290229022904
E2F7,0.026986506746626688,0.0355,0.0275,0.0335167583791896,0.03551775887943972,0.0318031803180318
Znf423,0.0544727636181909,0.045,0.03,0.04302151075537769,0.03651825912956478,0.041804180418041806
NFIC::TLX1,0.05147426286856572,0.0435,0.0575,0.04302151075537769,0.04202101050525263,0.04750475047504751
PAX9,0.054972513743128434,0.071,0.063,0.06353176588294147,0.06653326663331666,0.0638063806380638
ZNF410,0.04897551224387806,0.0645,0.0565,0.07903951975987994,0.080040020010005,0.0658065806580658
IRF8,0.07746126936531735,0.0755,0.0825,0.09904952476238119,0.1055527763881941,0.08800880088008801
E2F3,0.09495252373813093,0.097,0.0925,0.128064032016008,0.16108054027013508,0.1147114711471147
ZBED1,0.09795102448775612,0.118,0.1045,0.1295647823911956,0.1340670335167584,0.11681168116811681
ZSCAN31,0.11444277861069466,0.117,0.125,0.1135567783891946,0.11705852926463231,0.11741174117411741
RFX1,0.09795102448775612,0.133,0.125,0.12406203101550775,0.11455727863931967,0.1189118911891189
Nr2F6,0.09345327336331834,0.1325,0.1335,0.14207103551775888,0.12706353176588295,0.1257125712571257
IRF9,0.12443778110944528,0.1235,0.14,0.16108054027013508,0.1630815407703852,0.1424142414241424
EWSR1-FLI1,0.1424287856071964,0.1225,0.164,0.135567783891946,0.15957978989494748,0.14481448144814482
ESR1,0.14792603698150925,0.168,0.1325,0.14457228614307155,0.15407703851925963,0.1494149414941494
IRF4,0.14392803598200898,0.153,0.1605,0.17008504252126064,0.18209104552276137,0.1619161916191619
RFX3,0.1359320339830085,0.176,0.173,0.18209104552276137,0.16558279139569784,0.16651665166516652
HES7,0.16941529235382308,0.2015,0.2,0.1935967983991996,0.18259129564782392,0.18941894189418942
TP63,0.051974012993503245,0.1435,0.1855,0.24712356178089045,0.34817408704352176,0.19521952195219522
OVOL1,0.15692153923038482,0.1845,0.1915,0.21510755377688845,0.23611805902951477,0.19681968196819682
ATF6,0.1634182908545727,0.213,0.2185,0.21060530265132565,0.21560780390195097,0.20422042204220422
Rarb,0.1984007996001999,0.21,0.2125,0.23561780890445222,0.2891445722861431,0.22912291229122914
TGIF1,0.22438780609695153,0.21,0.224,0.24562281140570286,0.2676338169084542,0.23432343234323433
SOX21,0.2013993003498251,0.2435,0.252,0.2751375687843922,0.29164582291145574,0.25272527252725274
Sox1,0.21039480259870064,0.256,0.2585,0.2926463231615808,0.27313656828414207,0.2581258125812581
ZNF143,0.26936531734132935,0.301,0.2785,0.2866433216608304,0.2546273136568284,0.27802780278027805
ATF3,0.24037981009495252,0.2825,0.301,0.32266133066533265,0.3016508254127064,0.28962896289628964
Rarg,0.25287356321839083,0.2855,0.3185,0.3181590795397699,0.3356678339169585,0.3021302130213021
PAX1,0.3118440779610195,0.364,0.3145,0.31915957978989495,0.2986493246623312,0.32163216321632165
PLAG1,0.408295852073963,0.3595,0.3165,0.32516258129064535,0.3426713356678339,0.35043504350435045
GLIS3,0.463768115942029,0.4035,0.366,0.38819409704852426,0.3536768384192096,0.39503950395039505
NFKB1,0.375312343828086,0.3275,0.322,0.432216108054027,0.5192596298149075,0.39523952395239526
GLI3,0.33233383308345826,0.472,0.3695,0.4627313656828414,0.38019009504752377,0.40334033403340336
HOXD12::ELK1,0.3548225887056472,0.3945,0.4225,0.41870935467733866,0.45972986493246626,0.41004100410041006
SRF,0.38580709645177413,0.4045,0.421,0.45822911455727866,0.5092546273136568,0.43574357435743577
MTF1,0.4757621189405297,0.497,0.5255,0.49974987493746875,0.4462231115557779,0.4888488848884888
RREB1,0.45327336331834084,0.508,0.532,0.5147573786893447,0.4467233616808404,0.49094909490949096
KLF13,0.49025487256371814,0.514,0.4925,0.51975987993997,0.46923461730865434,0.4971497149714971
Mlxip,0.41879060469765117,0.527,0.529,0.5352676338169085,0.5732866433216608,0.5166516651665166
NR3C2,0.4427786106946527,0.5675,0.5395,0.5597798899449725,0.5232616308154077,0.5265526552655265
TFAP4::FLI1,0.5237381309345327,0.5575,0.5265,0.5497748874437218,0.607303651825913,0.5529552955295529
PKNOX2,0.5107446276861569,0.554,0.561,0.591295647823912,0.5842921460730365,0.5602560256025603
CEBPB,0.48825587206396803,0.6105,0.577,0.5757878939469735,0.5717858929464732,0.5646564656465647
RFX4,0.5762118940529735,0.5515,0.5865,0.5817908954477239,0.5312656328164082,0.5654565456545655
RARA,0.5562218890554723,0.5425,0.5465,0.5682841420710355,0.6408204102051025,0.5708570857085709
NR3C1,0.47626186906546725,0.6215,0.591,0.6038019009504753,0.5682841420710355,0.5721572157215722
Rxra,0.5222388805597201,0.5615,0.5925,0.5852926463231616,0.6078039019509754,0.5738573857385738
ATF7,0.5527236381809095,0.633,0.5975,0.6763381690845423,0.6368184092046023,0.6192619261926192
ZNF382,0.5187406296851574,0.619,0.617,0.6903451725862931,0.776888444222111,0.6443644364436444
ERF::SREBF2,0.5642178910544727,0.6705,0.6765,0.6853426713356678,0.7268634317158579,0.6646664666466646
NR1D2,0.6226886556721639,0.6195,0.6695,0.695847923961981,0.7393696848424212,0.6693669366936693
ZNF8,0.5417291354322838,0.6265,0.64,0.7288644322161081,0.8654327163581791,0.6804680468046804
ZNF558,0.5592203898050975,0.6485,0.6505,0.7648824412206103,0.8439219609804902,0.6933693369336934
Mecom,0.6056971514242878,0.6485,0.7185,0.7208604302151076,0.8054027013506754,0.6997699769976997
NR2F6,0.6966516741629185,0.7145,0.7435,0.7618809404702351,0.8759379689844923,0.7584758475847585
ZNF157,0.6946526736631684,0.8025,0.782,0.8809404702351176,0.8839419709854928,0.8087808780878087
Creb5,0.7051474262868566,0.7865,0.8355,0.8934467233616809,0.9169584792396198,0.8274827482748275
ZIC5,1.0504747626186905,0.9165,0.775,0.7783891945972986,0.695847923961981,0.8432843284328433
BHLHE41,0.6756621689155422,0.903,0.9465,0.9334667333666833,0.8649324662331166,0.8646864686468647
OVOL2,0.767616191904048,0.985,0.8835,0.9604802401200601,0.7963981990995498,0.8785878587858786
HOXC9,0.7496251874062968,0.817,0.899,0.9429714857428715,1.0645322661330665,0.8945894589458946
NR1D1,0.8700649675162418,0.894,0.893,0.9109554777388694,0.9219609804902451,0.897989798979898
NFE2,0.7666166916541729,0.9085,0.8855,0.9724862431215607,1.0,0.9065906590659066
Ar,0.8225887056471765,0.9885,0.94,0.9339669834917459,0.919959979989995,0.920992099209921
ZNF282,0.9100449775112444,0.9545,0.9055,0.9134567283641821,0.9239619809904952,0.9214921492149215
ZNF16,0.9370314842578711,1.002,0.955,0.9574787393696849,1.017008504252126,0.9736973697369737
RFX2,0.7876061969015492,0.978,1.005,1.103551775887944,1.0045022511255628,0.9756975697569757
RELA,0.904047976011994,0.918,0.935,1.007503751875938,1.1230615307653826,0.9774977497749775
USF2,0.7451274362818591,1.041,1.045,1.0690345172586293,0.9874937468734367,0.9774977497749775
NFIA,0.9075462268865567,0.9845,1.0125,1.0790395197598799,1.1110555277638818,1.018901890189019
ZNF140,0.9550224887556222,1.0285,1.0405,1.0565282641320661,1.0930465232616309,1.0347034703470348
Arnt,0.9720139930034982,1.148,1.1475,1.1235617808904452,1.1885942971485743,1.115911591159116
Tcf21,1.0184907546226887,1.231,1.182,1.2416208104052027,1.0595297648824413,1.1465146514651465
ZIC1,1.3788105947026488,1.2415,1.0715,1.0910455227613807,1.0140070035017508,1.1594159415941594
MEF2B,0.8835582208895553,1.05,1.09,1.2406203101550775,1.6443221610805403,1.1816181618161816
CEBPE,1.00199900049975,1.237,1.1955,1.2481240620310154,1.2516258129064533,1.1868186818681867
E2F4,1.1874062968515742,1.323,1.164,1.1625812906453226,1.1545772886443222,1.1983198319831982
MEF2D,0.9130434782608695,1.0865,1.1285,1.2691345672836418,1.629814907453727,1.2053205320532052
BACH2,1.064967516241879,1.198,1.179,1.2901450725362682,1.3781890945472737,1.222022202220222
ELK1::HOXB13,1.2133933033483257,1.2775,1.237,1.217608804402201,1.2311155577788895,1.2353235323532352
FOXF2,1.0834582708645677,1.2065,1.2445,1.3026513256628314,1.4372186093046524,1.2548254825482548
HSF1,1.0514742628685658,1.1845,1.281,1.3646823411705853,1.423711855927964,1.261026102610261
REST,1.221889055472264,1.311,1.2765,1.2701350675337668,1.3556778389194597,1.287028702870287
HOXC11,1.0144927536231885,1.1505,1.2895,1.385192596298149,1.5982991495747874,1.2875287528752875
CREB3,1.1264367816091954,1.3115,1.3445,1.3836918459229615,1.3846923461730865,1.3101310131013102
IRF3,1.1664167916041979,1.247,1.364,1.431215607803902,1.3566783391695847,1.3130313031303131
PAX2,1.2598700649675163,1.3955,1.309,1.3146573286643322,1.3006503251625814,1.3159315931593158
ZNF343,1.2533733133433282,1.4765,1.333,1.3846923461730865,1.1620810405202602,1.321932193219322
PPARG,1.0974512743628186,1.208,1.2345,1.3986993496748374,1.6778389194597298,1.3232323232323233
INSM1,1.3388305847076463,1.347,1.2445,1.3596798399199599,1.4267133566783392,1.3433343334333434
MLX,1.0764617691154423,1.368,1.431,1.4317158579289644,1.4872436218109055,1.358835883588359
RFX5,1.133433283358321,1.4,1.395,1.5157578789394697,1.4187093546773386,1.3725372537253726
CREB3L1,1.1274362818590704,1.4275,1.3565,1.5227613806903453,1.4517258629314658,1.3771377137713772
PAX8,1.2358820589705148,1.448,1.398,1.4682341170585294,1.4432216108054028,1.3986398639863986
LMX1B,1.2328835582208895,1.3895,1.3865,1.4417208604302152,1.6903451725862932,1.428142814281428
ERF::FIGLA,1.3758120939530234,1.552,1.4665,1.4887443721860931,1.4892446223111555,1.4744474447444744
XBP1,1.3253373313343328,1.4985,1.535,1.5562781390695348,1.4757378689344671,1.4781478147814782
PPARD,1.302848575712144,1.5045,1.5085,1.5817908954477238,1.5992996498249124,1.4993499349934993
Bach1::Mafk,1.311344327836082,1.5905,1.532,1.6163081540770385,1.4777388694347173,1.5055505550555055
MYBL2,1.3373313343328337,1.541,1.548,1.5647823911955978,1.7063531765882942,1.5394539453945395
TBXT,1.311344327836082,1.6085,1.6175,1.6758379189594796,1.7238619309654828,1.5873587358735874
TP53,1.105447276361819,1.4065,1.6635,1.8044022011005503,2.025512756378189,1.6009600960096009
KLF15,1.7556221889055472,2.188,1.5095,1.5647823911955978,1.0775387693846923,1.619161916191619
EGR3,1.7896051974012994,1.813,1.488,1.5642821410705352,1.4502251125562782,1.621062106210621
ERF::NHLH1,1.4947526236881559,1.7335,1.6355,1.7988994497248625,1.583791895947974,1.6492649264926493
POU1F1,1.3898050974512743,1.572,1.5825,1.783391695847924,2.1135567783891944,1.6881688168816882
ZNF528,1.6286856571714143,1.702,1.723,1.7178589294647324,1.680840420210105,1.6904690469046906
PROX1,1.5172413793103448,1.807,1.72,1.7498749374687343,1.6848424212106052,1.6957695769576957
JUN,1.5167416291854072,1.7305,1.737,1.7988994497248625,1.8514257128564282,1.7268726872687268
MYBL1,1.4267866066966517,1.709,1.669,1.8224112056028015,2.0205102551275638,1.7294729472947294
POU2F2,1.472263868065967,1.659,1.6115,1.8309154577288644,2.1985992996498247,1.7543754375437544
Smad4,1.6096951524237881,1.8075,1.732,1.8299149574787394,1.9349674837418709,1.7827782778277828
ZNF582,1.64167916041979,1.7335,1.749,1.871935967983992,1.9864932466233116,1.7964796479647964
ELK1::SREBF2,1.6371814092953523,1.9605,1.7975,1.9054527263631815,1.7348674337168584,1.8070807080708071
CDX4,1.4507746126936532,1.6445,1.845,1.930465232616308,2.1985992996498247,1.8137813781378138
TFEC,1.434782608695652,1.8175,1.9035,1.977488744372186,2.145072536268134,1.8555855585558556
RORA,1.6851574212893554,1.889,1.838,1.894447223611806,2.0225112556278138,1.8657865786578658
ELK1::HOXA1,1.7991004497751124,2.0615,1.8495,1.9319659829914957,1.7498749374687343,1.8783878387838784
FERD3L,1.576711644177911,2.0455,1.8725,2.1565782891445724,1.833416708354177,1.8968896889688969
TFAP2E,2.033983008495752,2.247,1.843,1.7608804402201101,1.613806903451726,1.8997899789978998
NFKB2,1.943528235882059,1.859,1.7535,1.925462731365683,2.0730365182591295,1.9108910891089108
RXRG,1.7541229385307346,2.0365,2.0225,2.00200100050025,2.085542771385693,1.9800980098009802
DUX4,1.6116941529235382,1.882,1.9475,2.159079539769885,2.3811905952976486,1.9961996199619962
POU4F2,1.7426286856571713,1.8695,1.9455,2.055527763881941,2.420710355177589,2.0067006700670067
ZBTB33,2.023488255872064,2.463,2.0935,1.9964982491245622,1.8699349674837418,2.0893089308930892
ZSCAN4,2.15592203898051,2.143,1.8775,2.0655327663831917,2.2961480740370184,2.1076107610761077
HOXB9,1.7406296851574212,1.996,2.1415,2.2576288144072034,2.4347173586793396,2.114011401140114
ELK3,2.0659670164917543,2.5795,2.1275,2.132566283141571,1.7038519259629814,2.121912191219122
Nr2e3,1.952023988005997,2.1135,2.1815,2.308154077038519,2.3771885942971487,2.1864186418641864
ONECUT2,1.8205897051474262,2.041,2.066,2.3546773386693345,2.6528264132066033,2.1869186918691867
Lhx3,1.7806096951524237,2.015,2.066,2.331665832916458,2.761880940470235,2.190919091909191
ZBTB32,1.854072963518241,2.138,2.216,2.291645822911456,2.48024012006003,2.195919591959196
ZSCAN29,1.9705147426286858,2.3295,2.2635,2.36368184092046,2.1700850425212606,2.2194219421942196
TFE3,1.6836581709145426,2.1855,2.28,2.433216608304152,2.539769884942471,2.2243224322432242
ZNF76,2.2448775612193903,2.385,2.1955,2.2771385692846424,2.1500750375187594,2.2505250525052505
HOXD10,1.8370814592703648,2.0965,2.317,2.408704352176088,2.629814907453727,2.257725772577258
E2F1,2.1229385307346327,2.614,2.221,2.348174087043522,2.0530265132566283,2.2718271827182717
GFI1,1.879560219890055,2.198,2.293,2.48424212106053,2.589794897448724,2.288828882888289
BHLHE23,1.9290354822588707,2.244,2.359,2.441720860430215,2.586293146573287,2.311931193119312
E2F2,2.24287856071964,2.592,2.259,2.3546773386693345,2.15407703851926,2.3205320532053206
ZNF274,2.101949025487256,2.3595,2.3255,2.4167083541770884,2.418709354677339,2.3244324432443246
ETV2::HOXB13,2.0839580209895052,2.379,2.297,2.450225112556278,2.509254627313657,2.343834383438344
FOXO1::FLI1,1.879560219890055,2.4265,2.4175,2.634817408704352,2.5317658829414706,2.377937793779378
NHLH2,2.3258370814592704,2.364,2.57,2.492246123061531,2.529264632316158,2.4562456245624564
GLIS2,2.7501249375312344,2.6705,2.3125,2.3761880940470235,2.1905952976488243,2.46004600460046
TP73,1.9310344827586208,2.323,2.535,2.6898449224612304,2.8634317158579288,2.4683468346834685
ETV5,2.4782608695652173,2.828,2.465,2.492746373186593,2.1870935467733865,2.4902490249024902
FOXH1,2.1194402798600698,2.5575,2.513,2.7613806903451725,3.040520260130065,2.5982598259825984
ESRRB,2.179910044977511,2.515,2.646,2.7663831915957977,3.085542771385693,2.6384638463846386
ZNF684,2.7011494252873565,2.7905,2.581,2.663831915957979,2.5297648824412207,2.653265326532653
ELF4,2.531234382808596,2.748,2.537,2.7263631815907954,2.7778889444722363,2.664066406640664
SREBF2,2.187906046976512,2.6685,2.7955,2.874437218609305,2.8179089544772387,2.668766876687669
DUXA,2.158920539730135,2.634,2.7365,2.8779389694847426,2.9804902451225614,2.6774677467746772
FOSL2,2.3298350824587706,2.818,2.743,2.9324662331165583,2.9569784892446225,2.755975597559756
THRA,2.6091954022988504,2.8765,2.75,2.890945472736368,2.8394197098549276,2.793179317931793
Foxq1,2.3193403298350823,2.727,2.825,3.026513256628314,3.0740370185092547,2.7942794279427945
SMAD3,2.3993003498250873,2.8145,2.8425,2.9569784892446225,3.0795397698849425,2.8184818481848186
MAF::NFE2,2.47776111944028,2.8485,2.7605,3.006503251625813,3.139069534767384,2.8463846384638463
HOXB2::ELK1,2.658670664667666,3.0065,2.7955,2.994497248624312,2.7948974487243623,2.84998499849985
HOXD12,2.28335832083958,2.6625,2.8175,3.0440220110055027,3.4617308654327164,2.8536853685368535
ZNF75A,2.6181909045477263,2.843,2.8685,2.911455727863932,3.0995497748874437,2.868086808680868
SPDEF,2.7416291854072963,2.9985,2.8865,2.9269634817408705,2.9154577288644323,2.893789378937894
HSF2,2.4077961019490255,2.8285,2.918,3.298649324662331,3.27663831915958,2.945794579457946
ZNF707,2.924037981009495,3.0625,2.982,2.9994997498749374,3.006503251625813,2.994899489948995
Creb3l2,2.696151924037981,3.12,3.12,3.128064032016008,2.9279639819909953,2.9983998399839984
ZNF669,2.682658670664668,3.326,2.9615,3.2226113056528263,2.91895947973987,3.0223022302230222
NEUROG1,2.4877561219390305,2.9835,3.135,3.226113056528264,3.2956478239119558,3.0255025502550255
IRF6,2.6721639180409795,3.038,3.062,3.291645822911456,3.292646323161581,3.0712071207120712
FEV,2.9885057471264367,3.3115,2.9695,3.134567283641821,2.959479739869935,3.0727072707270726
ELK1,3.0184907546226887,3.369,3.009,3.1315657828914456,3.0195097548774386,3.1095109510951096
TEF,2.581209395302349,2.976,2.96,3.3591795897948975,3.7408704352176088,3.1233123312331235
DBP,2.5662168915542227,2.997,3.064,3.3406703351675837,3.7133566783391694,3.1361136113611363
ZNF460,3.343328335832084,3.569,3.0585,3.168584292146073,2.6193096548274135,3.1518151815181517
NFIB,3.088455772113943,3.1465,3.1175,3.255127563781891,3.2376188094047023,3.169016901690169
TGIF2,2.741129435282359,3.1995,3.188,3.460730365182591,3.3346673336668333,3.1847184718471846
ZKSCAN1,2.8055972013993005,3.215,3.256,3.325162581290645,3.7008504252126064,3.2604260426042604
Atf1,2.791104447776112,3.249,3.38,3.5407703851925962,3.71735867933967,3.3355335533553356
HEY1,3.217391304347826,3.759,3.437,3.4382191095547774,3.2096048024012007,3.412241224122412
HES2,3.152423788105947,3.66,3.558,3.4177088544272136,3.3191595797898947,3.4214421442144216
GATA1::TAL1,2.8085957021489256,3.2575,3.4,3.67983991995998,3.9674837418709354,3.4225422542254225
MAX::MYC,2.857071464267866,3.4265,3.5255,3.6118059029514757,3.8049024512256127,3.445044504450445
TBX19,2.993503248375812,3.5485,3.547,3.685342671335668,3.8519259629814906,3.5251525152515253
NRL,2.9845077461269365,3.565,3.5595,3.867933966983492,3.75887943971986,3.547054705470547
ETV2,3.5877061469265366,3.73,3.53,3.668334167083542,3.4657328664332168,3.5963596359635965
ETS2,3.751624187906047,3.8625,3.613,3.7498749374687343,3.6288144072036017,3.7211721172117214
HIF1A,3.322838580709645,3.905,3.847,3.812406203101551,3.7548774387193595,3.7283728372837284
PITX2,3.0964517741129436,3.7245,3.7215,4.03551775887944,4.150075037518759,3.7454745474547453
ZNF417,3.5442278860569716,4.182,3.7605,3.941470735367684,3.5172586293146573,3.789078907890789
HOXC12,2.9705147426286858,3.4245,3.687,4.046023011505753,4.841420710355178,3.7936793679367935
MAFG::NFE2L1,3.340829585207396,3.914,3.831,4.172586293146574,4.386193096548274,3.9287928792879288
OLIG1,3.341329335332334,3.947,4.026,4.109054527263631,4.35567783891946,3.955695569556956
FOS,3.4057971014492754,3.8645,3.989,4.277138569284642,4.441720860430215,3.9954995499549955
ARNT2,3.428785607196402,4.062,4.178,4.123061530765383,4.2366183091545775,4.005600560056005
ETV5::FIGLA,3.869065467266367,4.224,3.9925,4.0840420210105055,3.8599299649824914,4.005900590059006
POU2F1::SOX2,3.414792603698151,3.786,3.7245,4.32216108054027,4.985992996498249,4.046504650465047
ZNF135,3.9560219890054973,4.3295,4.107,4.194597298649325,3.7983991995998,4.077107710771077
BHLHE40,3.5657171414292854,4.1695,4.25,4.149074537268635,4.269634817408704,4.080708070807081
RARB,3.476761619190405,3.9925,4.044,4.240120060030015,4.704852426213106,4.091509150915091
RARA::RXRA,3.9860069965017493,4.2535,4.1405,4.313656828414207,4.181090545272636,4.1749174917491745
FOXP2,3.448775612193903,3.9525,4.256,4.423211605802901,4.92096048024012,4.2001200120012
Sox6,3.8075962018990506,4.1365,4.2555,4.3566783391695845,4.707853926963482,4.252725272527253
JDP2,3.5817091454272862,4.133,4.1435,4.585292646323162,5.063031515757879,4.301130113011301
LMX1A,3.6431784107946026,4.1895,4.1665,4.5287643821910955,5.127063531765883,4.330833083308331
ONECUT3,3.425287356321839,4.062,4.3245,4.756378189094547,5.286143071535768,4.37063706370637
Dux,3.683158420789605,4.3305,4.322,4.715857928964482,5.152076038019009,4.44054405440544
RXRB,3.915542228885557,4.3975,4.446,4.572286143071536,4.894447223611806,4.445044504450445
PBX1,3.843578210894553,4.267,4.427,4.8039019509754874,4.896948474237119,4.447544754475447
TCF7L1,3.7671164417791103,4.256,4.468,4.735867933966984,5.329664832416208,4.511151115111511
SP5,4.756121939030485,5.161,4.3545,4.479739869934967,3.905952976488244,4.531553155315532
Thap11,4.111944027986007,4.592,4.587,4.7933966983491745,4.753376688344172,4.567456745674567
mix-a,3.702648675662169,4.41,4.31,4.874937468734367,5.578789394697349,4.575057505750575
TAL1::TCF3,3.9260369815092453,4.773,4.737,5.0880440220110055,4.99799899949975,4.7042704270427045
PLAGL2,5.172913543228386,5.17,4.6415,4.524262131065533,4.1740870435217605,4.736673667366737
Foxn1,4.460769615192404,5.0545,4.7105,4.926463231615808,4.711855927963982,4.772777277727773
BACH1,4.073963018490755,4.6295,4.672,5.0450225112556275,5.487243621810905,4.781378137813781
ZBTB7B,5.136431784107946,4.9985,4.5885,4.820910455227613,4.611305652826413,4.831183118311831
MSC,4.292853573213393,5.0545,4.8735,5.44472236118059,5.119059529764883,4.956795679567957
Nr2f6,4.372813593203398,5.044,4.9885,5.2106053026513255,5.244622311155577,4.971997199719972
EGR2,5.091454272863568,5.2605,4.6665,4.805402701350675,5.039019509754877,4.972597259725973
HES1,4.506246876561719,5.2925,5.1955,4.998499249624812,4.946473236618309,4.987798779877988
TCFL5,4.774612693653173,5.5195,5.255,4.92296148074037,4.615307653826913,5.017501750175017
ZBTB18,4.637181409295352,5.1825,5.1545,5.424712356178089,5.334667333666833,5.146614661466146
GATA5,4.112443778110944,4.861,5.004,5.5912956478239115,6.246123061530765,5.162716271627163
Six3,4.3143428285857075,4.955,5.098,5.566783391695848,6.025512756378189,5.191719171917192
RARG,4.4567716141929035,5.1435,5.246,5.43071535767884,5.866433216608304,5.228522852285229
IRF7,4.3478260869565215,5.1625,5.3355,5.667833916958479,5.950975487743872,5.292729272927293
ZNF547,4.629185407296352,5.4345,5.302,5.754377188594297,5.8024012006003005,5.384338433843384
TLX2,4.385807096451774,5.22,5.168,5.769384692346173,6.656328164082041,5.439643964396439
ELK4,5.35832083958021,5.5665,5.3195,5.520760380190095,5.483241620810405,5.44964496449645
ATF4,4.647176411794103,5.225,5.403,5.868434217108554,6.3786893446723365,5.504250425042504
LIN54,4.544727636181909,5.314,5.4355,5.882941470735368,6.411205602801401,5.517451745174517
KLF3,5.5167416291854074,6.059,5.37,5.503751875937969,5.166083041520761,5.523152315231523
Nfe2l2,4.875562218890555,5.4785,5.4415,5.808904452226113,6.059029514757379,5.532553255325532
FLI1,5.380809595202399,5.6525,5.419,5.621810905452726,5.651825912956478,5.545154515451546
NR1I2,5.012493753123438,5.8845,5.6275,5.9289644822411205,5.651825912956478,5.620962096209621
ZNF136,4.635182408795602,5.4505,5.5885,6.07903951975988,6.533266633316658,5.657065706570657
CDX1,4.584207896051974,5.266,5.606,6.069034517258629,6.9029514757378685,5.6853685368536855
BHLHA15,4.978510744627686,5.689,5.76,5.998499249624812,6.084542271135568,5.701970197019702
KLF12,6.451274362818591,6.3155,5.406,5.674837418709354,4.844422211105552,5.738573857385739
ZKSCAN3,5.44127936031984,6.1515,5.8325,5.893946973486743,5.3891945972986495,5.7416741674167415
FOS::JUND,4.935532233883058,5.6185,5.5715,6.0685342671335665,6.556778389194597,5.74997499749975
ZNF281,6.593703148425787,6.1615,5.377,5.629314657328664,5.248624312156078,5.802180218021802
NR2F1,5.231884057971015,5.8325,5.83,5.88344172086043,6.257628814407203,5.806980698069807
SP3,6.356821589205397,6.2255,5.619,5.686843421710855,5.552276138069034,5.888188818881888
MYF6,5.144927536231884,6.027,5.964,6.327663831915958,5.998999499749875,5.892389238923893
GRHL1,4.859570214892554,5.828,5.951,6.421710855427714,6.491245622811405,5.91009100910091
DMRT3,5.116941529235382,5.9015,5.8435,6.297648824412206,6.672336168084042,5.966196619661966
KLF5,6.306846576711644,6.2885,5.7155,5.936468234117059,5.871935967983992,6.023902390239024
MAZ,6.750624687656172,6.6625,5.7235,5.866933466733367,5.232116058029015,6.047304730473047
HOXC13,4.9165417291354325,5.6545,5.89,6.483741870935468,7.4517258629314655,6.079007900790079
SMAD5,5.326336831584208,6.279,6.114,6.515257628814407,6.388194097048524,6.124412441244124
Npas2,5.2063968015992,5.984,6.1955,6.4777388694347176,6.783891945972987,6.129312931293129
ZNF75D,5.687156421789106,6.099,6.201,6.299149574787394,6.432216108054027,6.143614361436144
HES6,5.31384307846077,6.428,6.1875,6.577788894447224,6.228614307153577,6.147014701470147
TEAD3,5.299350324837581,5.9265,5.9725,6.55327663831916,7.44472236118059,6.239023902390239
Nrf1,6.180409795102449,7.264,6.3975,6.219109554777389,5.265632816408204,6.265426542654265
ETV5::HOXA2,5.544227886056971,6.391,6.276,6.737868934467234,6.857428714357178,6.361136113611361
ZNF574,6.0834582708645675,6.639,6.329,6.5052526263131565,6.288644322161081,6.369036903690369
ETV2::DRGX,5.766616691654173,6.4225,6.25,6.663331665832916,6.852926463231616,6.390939093909391
IRF5,5.540229885057471,6.457,6.515,6.83791895947974,6.981490745372686,6.466146614661466
KLF17,6.96351824087956,6.8575,6.1615,6.382191095547774,6.097548774387193,6.492549254925493
STAT1,5.527736131934033,6.232,6.3285,6.931965982991496,7.490245122561281,6.501850185018502
ZNF211,5.279860069965017,6.0345,6.177,6.963981990995498,8.205602801400701,6.531853185318532
BCL6,5.659670164917541,6.3775,6.354,6.860930465232617,7.530265132566283,6.556255625562557
HOXD3,5.573213393303348,6.33,6.369,6.952976488244122,7.752376188094047,6.595259525952596
FOXO1::ELK3,5.709145427286357,6.5985,6.655,7.094047023511756,7.461230615307654,6.703370337033704
HOXA2,5.615192403798101,6.3455,6.453,7.021010505252626,8.11455727863932,6.70957095709571
MLXIPL,5.669165417291354,6.8575,6.8705,7.263131565782891,6.904952476238119,6.712871287128713
HINFP,6.4522738630684655,7.575,6.5905,7.084542271135568,6.098549274637318,6.7601760176017605
SP1,7.498250874562719,7.6475,6.2955,6.830915457728865,5.83791895947974,6.822182218221823
Olig2,6.798600699650175,7.498,6.843,7.232616308154077,6.040020010005002,6.882488248824883
ZNF816,6.965017491254373,7.3705,6.7235,7.10855427713857,6.590295147573787,6.951595159515952
ELF2,6.648175912043978,7.0245,6.787,7.088544272136068,7.252626313156578,6.96009600960096
MNT,5.88455772113943,6.9595,7.1395,7.48024012006003,7.534767383691846,6.999499949994999
SNAI3,6.224887556221889,7.141,7.0275,7.447223611805903,7.2496248124062035,7.0179017901790175
ZNF320,7.4742628685657175,7.616,6.725,7.022511255627814,6.3551775887943975,7.038703870387039
PITX1,5.797101449275362,6.944,6.984,7.534767383691846,8.180590295147574,7.087808780878087
PRRX2,5.795102448775612,6.831,6.708,7.544272136068034,8.628814407203603,7.101110111011101
HEY2,6.404297851074463,7.479,7.2385,7.469734867433717,6.981990995497749,7.114611461146114
EPAS1,6.584207896051974,7.49,7.1085,7.255627813906954,7.299649824912456,7.147514751475147
ZNF85,6.141929035482259,6.9165,7.155,7.730865432716358,8.077538769384692,7.204120412041204
SP4,7.853573213393303,7.9155,6.7925,7.27863931965983,6.35967983991996,7.24012401240124
SP2,8.006996501749125,8.1705,6.846,7.396198099049525,6.431715857928965,7.370437043704371
ZNF418,6.427286356821589,7.393,7.4485,7.919459729864933,7.874937468734367,7.4124412441244125
Stat6,6.0499750124937535,6.9515,7.0855,8.009504752376188,8.987493746873437,7.416441644164417
KLF14,8.081959020489755,8.189,6.957,7.456728364182091,6.817908954477239,7.500650065006501
ZNF93,7.494252873563219,8.86,7.27,7.867933966983491,6.106553276638319,7.51985198519852
GMEB2,6.495252373813093,7.532,7.6675,7.906453226613307,8.011505752876438,7.522352235223522
ZNF610,8.006496751624187,8.645,7.365,7.470735367683842,6.212106053026513,7.54005400540054
ZNF324,6.854072963518241,7.733,7.632,7.924462231115558,7.696348174087044,7.5678567856785675
ZNF24,6.6056971514242875,7.2205,7.373,8.008004002001,8.893946973486743,7.61996199619962
ZNF692,7.195902048975512,8.3025,7.6395,8.026513256628315,7.172086043021511,7.6672667266726675
ZFP42,6.655672163918041,7.8625,7.6585,8.295147573786894,8.004502251125563,7.695069506950695
Dmbx1,6.362818590704648,7.633,7.669,8.251625812906454,8.565782891445723,7.696169616961696
LHX5,6.3588205897051475,7.3105,7.4265,8.183091545772886,9.23311655827914,7.702070207020702
ERF,7.44127936031984,8.0115,7.5615,7.939969984992496,7.6838419209604805,7.727572757275728
FOS::JUNB,6.555722138930535,7.5285,7.635,8.208604302151075,8.8184092046023,7.748974897489749
TBX3,6.9610194902548725,7.6805,7.898,8.139569784892446,8.184592296148073,7.772577257725772
TBX1,7.120439780109945,7.795,7.8075,8.065032516258128,8.122061030515258,7.781878187818782
Msgn1,6.883558220889555,7.6855,7.838,8.127563781890945,8.548274137068534,7.816381638163817
Gfi1B,6.537231384307846,7.7835,7.842,8.491245622811405,8.432216108054027,7.816981698169817
HOXD11,6.268865567216392,7.2795,7.548,8.352676338169085,9.872436218109055,7.863886388638864
ZNF675,7.137431284357821,7.74,7.745,8.199099549774887,8.578789394697349,7.87988798879888
OLIG2,6.559220389805097,7.66,7.8895,8.385192596298149,9.29264632316158,7.956995699569957
HNF1B,6.422788605697152,7.429,7.6835,8.408704352176088,9.914457228614307,7.971297129712971
PATZ1,9.160419790104948,9.0645,7.4335,7.715857928964482,6.676838419209605,8.010501050105011
NR4A2::RXRA,7.176411794102949,7.972,7.8765,8.364182091045523,8.978989494747374,8.073407340734073
ZNF530,8.466766616691654,8.6475,7.7605,8.092546273136568,7.439719859929965,8.08150815081508
CUX1,6.662168915542229,7.4915,7.7595,8.557778889444723,9.9799899949975,8.08980898089809
Stat5a::Stat5b,7.002998500749626,7.8315,7.959,8.64432216108054,9.255627813906953,8.13841384138414
RUNX2,7.555222388805597,8.632,8.163,8.48824412206103,8.161080540270135,8.1998199819982
ZFP57,7.823088455772114,9.042,8.168,8.453726863431715,7.724362181090545,8.242224222422243
NFATC4,7.307346326836582,8.329,8.169,8.632816408204102,8.870435217608804,8.26152615261526
GCM1,7.659670164917541,8.6115,8.25,8.665332666333166,8.27863931965983,8.292929292929292
PAX3,6.798600699650175,7.9065,8.055,8.900450225112555,9.955477738869435,8.322832283228323
HOXA5,7.061469265367316,8.023,8.18,8.837418709354678,9.821910955477739,8.384438443844385
ATF2,7.174912543728136,8.11,8.5695,8.94447223611806,9.287643821910956,8.417041704170417
Alx4,7.073463268365817,8.2075,8.162,8.933466733366684,9.9879939969985,8.472547254725473
KLF10,9.32783608195902,9.243,7.938,8.445222611305653,7.811905952976488,8.553355335533553
Zfp961,8.357821089455273,9.623,8.4005,8.91895947973987,7.753876938469235,8.610861086108612
HSF4,7.137931034482759,8.37,8.537,9.221110555277638,9.848924462231116,8.622662266226623
ETS1,8.291854072963519,8.9055,8.515,8.87343671835918,8.937968984492246,8.704670467046705
Arx,7.193903048475762,8.349,8.3835,9.196598299149574,10.690845422711355,8.762376237623762
Stat4,7.5477261369315345,8.446,8.528,9.261130565282642,10.355177588794398,8.827282728272827
SOHLH2,7.609695152423788,8.9495,9.129,9.28264132066033,9.180590295147574,8.83008300830083
HOXD4,7.453773113443279,8.4215,8.4725,9.314157078539269,10.54327163581791,8.84068406840684
ARNT::HIF1A,7.819090454772613,9.0315,9.0115,9.237618809404703,9.43871935967984,8.907490749074908
ZNF784,7.80359820089955,8.801,8.8885,9.44472236118059,9.70735367683842,8.92879287928793
Zfx,8.69215392303848,9.6895,8.881,9.205102551275639,8.261130565282642,8.945794579457946
TBX21,8.142928535732134,8.935,9.098,9.354177088544272,9.480740370185092,9.002000200020001
MAX,7.723638180909545,8.976,9.2595,9.549274637318659,9.621810905452726,9.025802580258025
Twist2,8.684657671164418,9.6,8.951,9.445722861430715,8.614307153576789,9.05910591059106
THRB,8.353823088455773,9.2995,8.9465,9.450725362681341,9.281140570285142,9.066206620662067
NR6A1,7.589205397301349,8.9015,9.1065,9.502751375687843,10.372186093046523,9.094109410941094
TBX15,8.553723138430785,9.238,9.104,9.37368684342171,9.229614807403701,9.0997099709971
KLF7,9.623188405797102,10.0645,8.6105,9.219109554777388,8.161080540270135,9.135813581358136
ETV2::FIGLA,8.5832083958021,9.8225,9.165,9.713856928464232,8.855427713856928,9.227922792279228
Esrrg,8.111944027986008,9.0035,9.0485,9.67383691845923,10.42671335667834,9.252625262526253
EMX1,7.620689655172414,8.834,8.97,9.87543771885943,11.113056528264131,9.282228222822281
OSR1,8.369815092453774,9.9445,9.213,9.87943971985993,9.018509254627313,9.284928492849286
FLI1::DRGX,8.305847076461768,9.369,9.2185,9.83591795897949,10.14607303651826,9.374837483748374
LHX9,8.082458770614693,9.0185,9.2685,10.053026513256627,11.503751875937969,9.584858485848585
HNF1A,7.800599700149925,8.9615,9.2645,10.139569784892446,12.008504252126063,9.634463446344634
ZNF454,9.569215392303848,10.9715,9.5145,9.564782391195598,8.645822911455728,9.653265326532653
ZNF682,9.469765117441279,10.3655,9.522,9.805402701350676,9.135567783891945,9.659665966596659
ZIC4,9.924037981009496,10.686,9.4485,9.955977988994498,8.82041020510255,9.767076707670768
HLF,8.004997501249376,9.2855,9.468,10.46223111555778,11.78839419709855,9.801380138013801
ZNF708,9.191404297851074,10.2205,9.9135,10.215607803901952,9.615307653826914,9.83118311831183
CUX2,8.027486256871564,9.058,9.3675,10.46473236618309,12.279139569784892,9.838883888388839
MGA::EVX1,8.590704647676162,9.4525,9.6675,10.465732866433216,11.719859929964983,9.978897889788978
VENTX,7.99400299850075,9.354,9.697,10.659829914957479,12.367183591795898,10.013901390139013
ZNF257,9.825087456271865,10.666,9.866,10.497248624312157,9.54327163581791,10.07950795079508
ETV4,9.886056971514243,10.667,9.966,10.37568784392196,10.07103551775888,10.193119311931193
TFAP4::ETV1,9.716141929035482,10.982,10.3045,10.607303651825912,9.623811905952977,10.246724672467247
ARGFX,8.256371814092953,9.8595,9.7225,10.969984992496249,12.558779389694848,10.272927292729273
Hmx2,8.327336331834083,9.763,10.1035,11.115057528764382,12.22711355677839,10.306730673067307
ZFP14,10.021989005497252,10.7585,10.2365,10.538269134567283,10.11855927963982,10.334733473347335
NHLH1,9.373313343328336,10.551,10.5555,11.093546773386693,10.219109554777388,10.358335833583359
FOXD1,8.499250374812593,9.9755,10.213,11.049524762381191,12.225612806403202,10.392139213921393
KLF11,11.027486256871564,10.988,9.9225,10.214107053526764,9.872436218109055,10.405040504050405
TBX20,9.276361819090456,10.2145,10.3025,10.882941470735368,11.635817908954477,10.462146214621463
STAT1::STAT2,8.879060469765118,10.1055,10.509,11.16608304152076,11.696848424212106,10.470947094709471
PAX6,8.908045977011493,10.158,10.354,11.137568784392196,12.06103051525763,10.523352335233524
KLF1,11.227886056971514,11.4445,9.9455,10.54327163581791,9.575787893946973,10.547554755475547
PROP1,8.445777111444277,9.919,10.0535,11.560780390195097,12.905452726363182,10.576357635763577
Hoxd13,8.737631184407796,9.8035,10.2845,11.379689844922462,12.710855427713858,10.582758275827583
MYB,9.32783608195902,10.6855,10.6935,11.240120060030016,11.240620310155078,10.637263726372638
HOXD9,8.808095952023988,10.34,10.6905,11.593796898449225,12.970985492746372,10.88018801880188
FOSB::JUN,9.282858570714643,10.586,11.14,11.705852926463232,12.330665332666333,11.008700870087008
HOXB4,9.288855572213894,10.547,10.746,11.690845422711355,13.041020510255128,11.062306230623062
MITF,9.169415292353824,11.263,11.367,12.131065532766383,11.902951475737868,11.166316631663166
FOXG1,9.147426286856572,10.587,11.016,11.926463231615807,13.222611305652826,11.17941794179418
Foxj2,9.261869065467266,10.606,11.0915,12.048024012006003,13.023511755877939,11.205720572057206
FOXO6,9.520739630184908,10.8715,11.228,11.883941970985493,12.781890945472737,11.256825682568257
Nr1h3,10.40279860069965,11.608,11.29,11.644822411205602,11.414207103551776,11.271827182718273
FOXO1::ELK1,10.113443278360819,11.2505,11.185,11.680840420210105,12.167583791895948,11.279227922792279
BHLHE22,10.136931534232884,11.907,11.531,12.457228614307153,11.169584792396199,11.44014401440144
HAND2,9.820589705147427,11.5825,11.6735,12.348674337168584,12.180090045022512,11.52075207520752
Hmx1,9.401299350324837,11.083,11.2665,12.396198099049524,13.782391195597798,11.585358535853585
MXI1,9.696651674162919,11.3155,11.728,12.259129564782391,12.985992996498249,11.596659665966596
SNAI2,10.79160419790105,11.75,11.6135,12.150075037518759,11.71735867933967,11.604360436043605
ETV5::FOXI1,10.671664167916042,12.0605,11.735,12.187093546773387,11.904452226113056,11.711571157115712
Ddit3::Cebpa,10.258870564717641,11.5045,11.4925,12.321160580290146,13.0200100050025,11.719071907190719
Gmeb1,10.666666666666666,12.906,11.892,11.931965982991496,11.27863931965983,11.734973497349735
NKX6-3,9.850074962518741,11.2025,11.4385,12.53776888444222,14.427713856928465,11.890789078907892
TBR1,10.598200899550225,11.8015,12.0075,12.564282141070535,13.09104552276138,12.012201220122012
ETV6,11.553723138430785,12.305,11.8605,12.28864432216108,12.263631815907955,12.054205420542054
FOSL2::JUNB,10.1864067966017,11.554,12.095,12.891945972986493,13.773386693346673,12.0997099709971
HOXC4,9.914542728635682,11.5005,11.6335,12.900450225112555,14.64432216108054,12.118111811181118
ONECUT1,9.877061469265367,11.2805,11.7085,13.005502751375689,14.893946973486743,12.152515251525152
SOX12,10.540729635182409,11.8825,12.211,12.984492246123061,13.187093546773387,12.16081608160816
HOXD8,10.10344827586207,11.495,11.938,12.97248624312156,14.740870435217609,12.24942494249425
Spz1,11.591704147926038,12.288,12.0795,12.899449724862432,12.76088044022011,12.323732373237323
TGIF2LX,10.665667166416792,12.565,12.438,13.50025012506253,12.850925462731366,12.403640364036404
Arid3a,9.899550224887557,11.494,11.9905,13.276138069034518,15.48224112056028,12.427842784278427
HOXB8,10.301849075462268,11.7115,12.1455,13.186093046523261,14.961980990495247,12.46084608460846
MSX1,10.041479260369815,11.9235,12.1085,13.268134067033516,15.315157578789394,12.530753075307532
NR4A2,10.841579210394803,12.3265,12.379,13.368684342171086,14.13856928464232,12.61046104610461
ZNF524,12.315342328835582,13.2915,12.5065,12.928464232116058,12.236618309154577,12.655665566556655
ETV5::DRGX,11.59720139930035,12.583,12.5215,13.168084042021011,13.456228114057028,12.664966496649665
SOX14,10.810594702648675,11.903,12.1385,13.376188094047023,15.10655327663832,12.666466646664666
ZBTB14,12.710144927536232,14.511,12.738,13.189094547273637,10.961480740370185,12.822082208220822
SATB1,10.432283858070965,12.0325,12.2765,13.696348174087044,15.889944972486242,12.864886488648866
PDX1,10.278860569715143,12.0325,12.423,13.655327663831915,15.946973486743373,12.866686668666867
HOXA3,10.935532233883059,12.2295,12.4875,13.550775387693847,15.192596298149075,12.878687868786878
STAT3,10.869065467266367,12.273,12.525,13.692346173086543,15.072536268134067,12.885888588858887
Prdm4,11.168415792103948,12.7085,12.842,13.77488744372186,14.595297648824411,13.017401740174018
EOMES,11.570714642678661,12.91,13.0415,13.633816908454227,14.036518259129565,13.038203820382039
FOXD2,10.744127936031983,12.572,12.8885,13.970985492746372,15.126063031515757,13.05980598059806
SCRT1,11.488255872063968,13.107,13.132,13.932466233116559,13.980490245122562,13.127712771277128
Crx,11.384307846076961,13.107,13.1955,14.040020010005003,15.082041020510255,13.361336133613362
LBX1,11.149425287356323,12.6815,12.913,14.202101050525263,16.2016008004002,13.42894289428943
Alx1,10.79960019990005,12.895,12.913,14.194097048524263,16.376188094047023,13.434943494349435
USF1,11.305847076461768,13.541,13.6015,14.493246623311656,14.307153576788394,13.44934493449345
SREBF1,11.314342828585707,13.486,13.606,14.748874437218609,14.099549774887445,13.45054505450545
POU3F4,11.22288855572214,12.664,12.801,14.159079539769884,16.409204602301152,13.450645064506451
Ahr::Arnt,12.71864067966017,13.669,13.291,13.724862431215607,13.892946473236618,13.45914591459146
E2F8,13.499750124937531,14.9035,13.1955,13.602301150575288,12.319159579789895,13.504150415041504
CLOCK,11.567216391804099,13.5105,13.6355,14.244622311155577,14.632316158079039,13.517651765176518
ZNF680,11.70664667666167,13.1935,13.2735,14.307653826913457,15.150575287643822,13.525952595259525
Gli2,13.05897051474263,14.327,13.4905,14.072036018009005,12.789894947473737,13.547654765476548
TCF21,11.598700649675163,13.838,13.622,14.50225112556278,14.218609304652325,13.555555555555555
Nr1H4,11.776111944027987,13.4265,13.811,14.469734867433717,14.86943471735868,13.67016701670167
Mafg,12.21889055472264,13.901,13.657,14.46423211605803,14.133066533266634,13.674567456745674
Nr1h3::Rxra,11.85207396301849,13.644,13.791,14.443221610805402,15.415207603801901,13.828682868286828
Arntl,11.766116941529235,14.3575,14.149,14.737868934467233,14.27463731865933,13.856685668566858
HOXB2,11.560219890054972,13.2375,13.4675,14.74737368684342,16.43421710855428,13.888788878887889
TFDP1,14.090954522738631,15.525,13.633,13.97448724362181,12.617308654327164,13.968296829682968
ZBTB11,13.480259870064968,14.838,13.9465,14.487743871935969,13.795897948974487,14.10961096109611
MNX1,11.809095452273864,13.5725,13.8765,14.949974987493746,16.38769384692346,14.11861186118612
RARA::RXRG,13.546226886556722,14.3225,13.953,14.427713856928465,14.594297148574286,14.168616861686168
ZNF214,12.098450774612694,13.6855,14.0355,15.022511255627814,16.059029514757377,14.17971797179718
TFCP2,12.188905547226387,14.2745,14.165,15.20760380190095,15.16608304152076,14.2000200020002
FOSL1,12.005997001499251,13.81,14.02,15.15607803901951,16.19559779889945,14.237023702370237
MYCN,13.006496751624187,14.646,14.488,14.902451225612806,14.56528264132066,14.321432143214322
FOXE1,11.808595702148926,13.852,14.2745,15.369184592296149,16.411705852926463,14.342634263426342
ZNF701,14.6031984007996,14.967,13.652,14.792896448224113,13.8184092046023,14.366736673667367
SPIC,12.480259870064968,14.188,14.2845,15.342171085542772,15.84592296148074,14.427742774277428
SMAD2,12.75512243878061,14.9625,14.1915,15.428214107053527,14.909954977488745,14.449144914491448
ZNF416,13.35832083958021,15.1155,14.6095,15.228614307153578,14.364682341170585,14.535153515351535
DMRTC2,12.217391304347826,14.05,14.0935,15.351175587793897,17.03751875937969,14.549354935493549
NKX2-3,13.113943028485757,14.637,14.6375,15.149574787393696,15.993496748374188,14.705970597059705
LHX6,12.189905047476262,14.229,14.4,15.503751875937969,17.279139569784892,14.71977197719772
ZNF449,14.283858070964518,15.4315,14.6695,15.31615807903952,14.198599299649825,14.77987798779878
DMRTA1,12.667166416791604,14.35,14.5175,15.688844422211105,16.850425212606304,14.814281428142815
Foxj3,12.458770614692654,14.2305,14.6545,15.884942471235618,17.194097048524263,14.883988398839884
NR2C1,14.077961019490255,15.043,14.577,15.19959979989995,15.60680340170085,14.9006900690069
TCF7L2,12.353823088455773,14.3655,14.9675,15.885942971485743,17.082541270635318,14.93049304930493
KLF6,14.894552723638181,15.9105,14.468,15.030015007503751,14.95247623811906,15.05110511051105
Hmx3,12.242378810594703,14.4495,14.7565,16.202601300650326,17.94647323661831,15.118811881188119
VEZF1,16.95352323838081,15.804,14.254,14.634817408704352,14.04752376188094,15.139113911391139
YY2,14.020989505247377,16.1215,15.164,15.764382191095548,14.864432216108055,15.186918691869186
HES5,14.144927536231885,16.2875,15.573,15.80040020010005,14.703351675837919,15.301730173017301
Hoxa11,12.412293853073463,14.4075,14.8385,16.409704852426213,18.481740870435218,15.30923092309231
NFYA,13.547726136931534,15.1665,15.2,16.1615807903952,16.56278139069535,15.327332733273327
CEBPG,12.895552223888055,14.64,14.982,16.282141070535268,17.960980490245124,15.351535153515352
FOSL2::JUND,13.241379310344827,15.082,15.5765,16.413706853426714,17.261630815407702,15.514551455145515
NR1H4::RXRA,13.498750624687656,15.464,15.201,16.322661330665333,17.2376188094047,15.544354435443545
EGR4,16.697151424287856,17.068,14.8385,15.481240620310155,14.690345172586293,15.755275527552755
ETV3,14.079460269865068,15.9455,15.6345,16.58329164582291,16.610805402701352,15.77037703770377
Sox7,13.499750124937531,15.023,15.4915,16.599799899949975,18.311155577788895,15.784478447844785
RBPJ,14.223888055972013,15.7885,15.686,16.607303651825912,17.12256128064032,15.885288528852886
ESR2,14.504747626186907,16.2065,16.0525,16.30215107553777,16.36768384192096,15.886488648864887
ZNF740,18.251874062968515,16.987,14.789,15.404702351175589,14.087043521760881,15.904390439043905
JUND,13.463268365817092,15.466,15.761,16.895947973986992,18.206103051525762,15.957895789578957
HOXC10,12.789105447276361,14.941,15.4845,17.08654327163582,19.499249624812407,15.95929592959296
MSX2,12.83608195902049,15.11,15.5175,16.96448224112056,19.43871935967984,15.972597259725973
Zic1::Zic2,15.340829585207397,17.2175,15.8935,16.720860430215108,14.806903451725862,15.995899589958995
NR1I3,13.713643178410795,15.8345,15.995,16.807903951975987,17.6408204102051,15.997899789978998
SOX18,14.026986506746626,15.5355,15.6735,16.739369684842423,18.133566783391696,16.021302130213023
HOXB7,13.399800099950024,15.299,15.6995,16.899449724862432,19.198099049524764,16.0985098509851
HESX1,12.773613193403298,15.2775,15.4865,17.259629814907452,20.001000500250125,16.158815881588158
JUNB,13.686656671664167,15.8365,16.0875,17.30665332666333,18.43721860930465,16.27032703270327
Ascl2,14.883558220889554,16.75,16.3865,17.424712356178087,16.159079539769884,16.32053205320532
ETV7,15.34832583708146,16.4825,16.0915,16.783391695847925,16.931965982991496,16.327332733273327
HOXB5,13.841079460269865,15.5215,15.835,17.180590295147574,19.293646823411706,16.333733373337335
ZNF331,15.728135932033982,17.174,16.5105,16.829414707353678,15.605802901450726,16.36953695369537
KLF16,17.851074462768615,17.187,15.265,16.0,15.593796898449225,16.37963796379638
NFYB,14.854072963518242,16.383,16.262,16.99399699849925,17.455727863931966,16.38943894389439
MGA,14.886056971514243,16.5195,16.4685,16.98049024512256,17.160580290145074,16.4027402740274
Nkx3-2,13.72463768115942,15.7625,16.1695,17.36368184092046,19.05502751375688,16.414441444144416
OTX2,13.851574212893553,16.205,16.288,17.522261130565283,18.96648324162081,16.566056605660567
EMX2,13.696651674162919,15.6895,16.144,17.67633816908454,19.903951975987994,16.621362136213623
ZEB1,15.058470764617692,16.7085,16.7705,17.463731865932967,17.108054027013505,16.62156215621562
SCRT2,14.756621689155422,16.734,16.599,17.536268134067033,17.648824412206103,16.654565456545654
CTCF,16.30134932533733,17.7765,16.7135,17.30615307653827,15.343171585792897,16.68816881688169
POU6F2,13.864567716141929,16.0645,16.188,17.80090045022511,19.816908454227114,16.746274627462746
POU3F2,13.588205897051473,15.5335,15.799,17.813406703351674,21.008504252126063,16.74767476747675
MEF2C,13.660669665167417,16.002,16.2875,18.052026013006504,20.10255127563782,16.82018201820182
ESRRA,14.684657671164418,16.471,16.8345,17.530765382691346,18.65382691345673,16.834483448344834
ZNF766,14.27936031984008,16.3735,16.9,18.023011505752876,18.78439219609805,16.87148714871487
PAX5,15.928035982008996,17.9575,17.3185,17.047023511755878,16.64832416208104,16.97979797979798
ZIM3,14.356821589205397,16.869,17.201,18.732866433216607,18.67633816908454,17.166616661666165
HOXB1,14.584207896051973,16.699,16.899,18.110055027513756,19.745872936468235,17.207020702070206
ERF::FOXO1,15.341329335332334,17.059,17.2605,18.23461730865433,18.165582791395696,17.21182118211821
ERF::HOXB13,15.13143428285857,16.737,16.8315,18.07053526763382,19.336168084042022,17.220822082208223
OLIG3,14.436281859070466,16.957,17.209,18.30815407703852,19.19909954977489,17.22132213221322
Nkx3-1,14.871564217891054,16.9355,17.0315,18.05102551275638,19.22111055527764,17.22162216221622
ATOH7,15.080459770114942,17.8455,17.525,18.467233616808404,17.245122561280642,17.232323232323232
CTCFL,16.79960019990005,18.7925,16.9105,17.981490745372685,15.92696348174087,17.282228222822283
MYC,15.588705647176411,17.795,17.627,18.12856428214107,17.427213606803402,17.313031303130312
ZBED4,19.168915542228884,20.118,16.506,16.845922961480742,14.108054027013507,17.34993499349935
Lhx8,14.673663168415793,16.7555,17.061,18.3791895947974,20.31215607803902,17.435643564356436
Nr5A2,15.342328835582208,17.358,17.5785,18.27113556778389,19.249624812406203,17.55945594559456
ISX,14.182908545727136,16.6445,16.8985,18.696848424212106,21.736868434217108,17.63106310631063
TFAP4,15.493253373313344,17.653,17.9415,19.032016008004003,18.117558779389697,17.647064706470648
FOXI1,14.876061969015492,16.932,17.552,18.808904452226113,20.2216108054027,17.677467746774678
ZNF148,18.93103448275862,19.5235,16.914,17.772886443221612,15.801900950475238,17.788978897889788
TGIF2LY,15.338830584707646,18.1155,17.9725,19.4072036018009,18.830915457728864,17.93249324932493
FOXO1::ELF1,15.75712143928036,17.8985,17.945,18.991495747873937,19.485242621310654,18.015001500150014
TFEB,15.59720139930035,18.407,18.33,19.228114057028513,18.971485742871437,18.106310631063106
POU2F3,15.25937031484258,17.106,17.4715,19.043021510755377,21.794897448724363,18.134213421342135
CREM,15.873063468265867,18.258,18.7115,19.25862931465733,19.557778889444723,18.331333133313333
FLI1::FOXI1,16.352823588205897,18.155,18.097,19.358679339669834,19.917458729364682,18.375737573757377
NR5A1,15.922538730634683,18.198,18.445,19.21310655327664,20.34167083541771,18.423542354235423
ZNF770,18.099950024987507,20.007,18.472,19.16808404202101,17.646323161580792,18.67866786678668
ZNF652,15.999500249875062,17.8955,18.49,19.585792896448226,21.826413206603302,18.75877587758776
DPRX,15.676661669165417,18.233,18.3225,20.091545772886445,21.589294647323662,18.781878187818783
Rhox11,16.065467266366817,18.2605,18.6095,20.127563781890945,21.91345672836418,18.994599459945995
ZKSCAN5,18.35632183908046,19.683,18.7155,19.74087043521761,18.697348674337167,19.038503850385037
BARHL1,15.858070964517742,18.357,18.6815,20.18759379689845,22.271635817908955,19.07040704070407
TEAD1,16.53423288355822,18.568,18.8315,20.375687843921963,22.599299649824914,19.381038103810383
Mafb,16.961019490254873,19.201,19.452,20.558279139569784,20.798899449724864,19.393739373937393
SNAI1,17.565717141429285,19.6095,19.479,20.4152076038019,20.443721860930467,19.502250225022504
GBX1,15.468765617191405,18.286,18.872,20.837418709354676,24.118059029514757,19.515451545154516
FOSL2::JUN,16.63718140929535,18.8675,19.5805,20.750375187593797,22.25112556278139,19.616661666166618
Wt1,20.347826086956523,20.6335,19.0735,19.701850925462733,18.350675337668836,19.621662166216623
MAFF,16.7816091954023,19.4295,19.8575,21.136568284142072,21.714857428714357,19.783378337833785
Zic2,18.628685657171413,20.723,19.796,20.821410705352676,18.99749874937469,19.79317931793179
Nr1H2,17.56121939030485,19.9925,20.266,21.25462731365683,21.628314157078538,20.14001400140014
GCM2,18.867066466766616,21.0,19.98,20.916458229114557,20.016008004002,20.155715571557156
FOXL1,16.97801099450275,19.603,19.9815,21.56778389194597,23.117558779389697,20.24882488248825
ETV2::FOXI1,18.114442778610695,20.235,20.253,21.392196098049023,21.575287643821913,20.313531353135314
Ebf2,19.8415792103948,21.056,19.9995,20.58279139569785,20.19509754877439,20.334933493349336
REL,18.063468265867066,19.8835,20.069,21.042021010505252,22.7783891945973,20.36673667366737
ZNF667,18.067966016991505,20.2575,20.3715,21.293646823411706,21.936468234117058,20.384938493849386
PRDM9,21.679160419790104,21.173,19.192,20.356178089044523,19.972486243121562,20.474747474747474
Gli1,19.36031984007996,21.3245,20.3275,21.587793896948476,20.01950975487744,20.523752375237525
CEBPA,17.1984007996002,19.488,19.971,21.85792896448224,24.68534267133567,20.63926392639264
Pgr,17.31784107946027,20.08,20.367,22.141570785392695,23.321160580290144,20.644764476447644
ZBED2,18.492753623188406,21.1445,20.7465,21.704852426213108,21.427713856928463,20.702870287028702
ZBTB6,19.337831084457772,21.5015,20.632,21.141570785392695,20.904452226113058,20.703270327032705
Pou5f1::Sox2,17.341329335332333,19.652,20.217,22.034517258629315,24.590295147573787,20.766176617661767
MAF,18.524737631184408,21.1005,21.0055,22.15007503751876,21.27313656828414,20.81038103810381
EBF3,20.6151924037981,21.7365,20.4915,20.968984492246122,20.372686343171587,20.83698369836984
Stat5b,18.10744627686157,20.534,20.735,22.27513756878439,23.463231615807903,21.022302230223023
EN2,17.62168915542229,20.038,20.6005,22.608304152076037,25.85592796398199,21.343934393439344
NR2F2,18.544227886056973,20.92,21.337,22.438219109554776,23.564282141070535,21.36013601360136
SOX4,18.39730134932534,20.6465,21.1265,22.702851425712858,24.289644822411205,21.43184318431843
ETV5::FOXO1,18.853573213393304,21.5525,21.263,22.460230115057527,23.098549274637318,21.445044504450443
Zfp335,20.079460269865066,22.111,21.4615,22.249624812406203,21.40120060030015,21.46034603460346
ESX1,17.371314342828587,20.337,20.7975,22.903451725862933,26.169584792396197,21.514751475147516
BARX1,17.489255372313842,20.622,21.091,23.094047023511756,26.034017008504254,21.665066506650664
ZNF677,18.684157921039482,21.0615,21.472,23.117558779389697,24.269134567283643,21.72017201720172
Dlx5,17.628685657171413,20.7275,20.9605,23.24862431215608,26.177088544272134,21.747474747474747
ZNF184,19.438280859570217,21.4285,21.3175,22.814907453726864,24.32016008004002,21.863286328632864
MAFA,19.4327836081959,22.64,22.191,23.514757378689346,21.939969984992498,21.943294329432945
ZBTB7A,20.723638180909546,23.1645,21.6285,22.774387193596798,21.462231115557778,21.95049504950495
FOXN3,18.58120939530235,21.2535,22.024,23.262131065532767,24.834917458729365,21.99039903990399
EGR1,23.11544227886057,23.9415,21.142,21.68534267133567,20.300150075037518,22.037203720372037
MYOG,20.344827586206897,23.081,22.091,23.76488244122061,21.39869934967484,22.135813581358136
EBF1,21.99000499750125,23.4575,21.9665,22.44122061030515,21.111555777888945,22.193419341934195
Pax7,18.007996001999,20.944,21.3575,23.769884942471236,27.175087543771888,22.24982498249825
SPIB,20.539230384807595,21.812,21.712,23.367183591795897,23.88144072036018,22.261926192619264
Prdm15,19.555722138930534,22.2905,22.271,23.578289144572285,23.809404702351177,22.3004300430043
NEUROD1,19.866566716641678,22.784,22.3705,23.81990995497749,22.8144072036018,22.33063306330633
IKZF2,21.066466766616692,22.7525,22.2365,23.354177088544272,23.299149574787393,22.54145414541454
PHOX2A,18.045477261369314,21.4125,21.745,24.45272636318159,27.105052526263133,22.55105510551055
KLF9,23.248375812093954,23.544,21.5495,22.40370185092546,22.092046023011505,22.567656765676567
ZNF354C,21.528735632183906,23.3125,22.4065,23.209604802401202,22.812906453226613,22.653865386538655
SP9,23.847076461769117,24.276,21.576,22.58679339669835,21.20410205102551,22.6982698269827
Sox5,19.77511244377811,21.879,22.2935,23.967983991995997,25.736368184092047,22.72967296729673
MYOD1,20.926536731634183,23.6385,22.927,24.276138069034516,22.56728364182091,22.866786678667868
Nr2e1,19.253873063468266,21.973,22.8535,24.349174587293646,26.43471735867934,22.971997199719972
CEBPD,19.638680659670165,22.2435,22.444,24.28814407203602,26.500750375187593,23.022202220222024
Zfp809,21.91904047976012,23.861,22.9205,23.894447223611806,22.657328664332166,23.05030503050305
Stat5a,19.875062468765616,22.661,22.8035,24.315157578789396,26.086043021510754,23.147414741474147
NR4A1,19.912543728135933,22.458,22.9245,24.448224112056028,26.371685842921462,23.22222222222222
GBX2,18.55322338830585,21.8625,22.4245,24.772386193096548,28.573786893446723,23.236123612361236
ZBTB26,20.3808095952024,23.3815,23.311,24.688844422211105,24.518759379689843,23.255625562556254
GATA2,19.300349825087455,21.9915,22.5995,24.78439219609805,27.63881940970485,23.261926192619264
PBX3,21.58120939530235,23.499,23.349,24.4072036018009,24.6008004002001,23.48704870487049
CREB1,19.934532733633183,23.075,23.6705,25.152576288144072,25.842421210605302,23.534253425342534
PHOX2B,18.55422288855572,21.866,22.634,25.551775887943972,29.33966983491746,23.587858785878588
RFX7,20.96151924037981,24.1485,23.618,25.07903951975988,24.368684342171086,23.634663466346634
Dlx2,19.232383808095953,22.546,22.7915,25.21310655327664,28.407703851925962,23.637063706370636
HOXA1,19.99400299850075,22.73,23.239,24.977488744372184,27.34967483741871,23.657165716571658
BATF3,19.60119940029985,22.7955,23.4685,25.13106553276638,27.412206103051524,23.68076807680768
Plagl1,23.364817591204396,25.047,23.2715,24.26113056528264,22.836918459229615,23.756275627562758
SIX2,20.221389305347326,23.312,23.501,25.40370185092546,27.263131565782892,23.939393939393938
Bhlha15,21.663168415792104,24.75,23.998,25.881940970485243,23.789894947473737,24.016201620162015
PGR,20.181909045477262,23.806,23.867,26.139069534767383,26.354177088544272,24.06880688068807
Msx3,19.331334332833585,22.6985,23.083,25.61480740370185,29.697348674337167,24.083808380838082
MZF1,22.253873063468266,24.4075,23.6745,25.020510255127565,25.10855427713857,24.092609260926093
DRGX,19.497251374312842,22.9335,23.24,25.798899449724864,29.094047023511756,24.111611161116112
ZNF189,22.055972013993003,24.7465,24.0835,25.607303651825912,24.659829914957477,24.23022302230223
ZNF768,22.380309845077463,25.0365,24.3385,25.433716858429214,24.07153576788394,24.251825182518253
THAP1,23.39230384807596,25.496,24.0435,24.86943471735868,23.54527263631816,24.26922692269227
OTX1,20.093953023488258,23.6475,23.8235,25.81190595297649,28.056028014007005,24.285628562856285
Jun,20.746126936531734,23.8585,24.1205,25.71335667833917,26.99749874937469,24.286428642864287
LHX2,19.655172413793103,22.8745,23.3095,25.754877438719358,29.856928464232116,24.28902890289029
SIX1,20.413793103448278,23.7495,24.1165,26.042521260630316,27.551775887943972,24.373937393739375
CREB3L4,21.37031484257871,24.8895,24.6635,25.605802901450726,26.050525262631314,24.515351535153517
Zbtb2,23.22288855572214,25.894,24.14,25.364682341170585,23.975987993997,24.51935193519352
Ebf4,23.968015992004,25.852,24.3905,25.13256628314157,23.834417208604304,24.635463546354636
POU3F3,19.77911044477761,22.9395,23.3845,26.410205102551277,30.901450725362682,24.68166816681668
Tfcp2l1,22.646176911544227,26.034,24.776,25.94847423711856,24.243621810905452,24.72937293729373
TBX18,22.875562218890554,24.8095,24.4835,25.441720860430216,26.165082541270635,24.754675467546754
PKNOX1,22.2023988005997,24.5435,24.6145,25.992996498249124,26.70335167583792,24.810781078107812
E2F6,25.399800099950024,26.8815,24.224,25.24112056028014,23.016508254127064,24.95279527952795
MYF5,22.8135932033983,25.8725,25.072,26.98449224612306,24.746373186593296,25.097409740974097
Yy1,21.939530234882557,25.0005,25.0855,26.909954977488745,28.522761380690344,25.49084908490849
Isl1,21.464767616191903,24.3865,24.733,27.20410205102551,30.224612306153077,25.6015601560156
MAFK,22.721139430284857,26.02,25.835,27.151075537768886,26.581790895447725,25.661266126612663
HNF4G,22.3848075962019,25.3045,25.544,27.03951975987994,28.39669834917459,25.733173317331733
Tcf12,23.701149425287355,26.881,25.71,27.681840920460232,25.1815907953977,25.83078307830783
Lhx1,21.280859570214893,24.784,25.044,27.181090545272635,30.99399699849925,25.855685568556854
BATF::JUN,21.732633683158422,25.144,25.7105,27.37768884442221,29.65582791395698,25.923192319231923
Rfx6,23.315342328835584,26.1085,25.8275,27.101050525262632,27.39869934967484,25.94969496949695
FOSB::JUNB,22.008495752123938,25.323,26.049,27.370685342671337,29.129064532266135,25.975197519751976
ELF1,24.19390304847576,26.338,25.9695,27.38519259629815,27.076038019009506,26.19211921192119
Tbx6,24.28335832083958,26.474,26.2985,27.097548774387192,27.208104052026012,26.27192719271927
TBX2,23.830584707646178,26.279,25.9585,27.222111055527765,28.220110055027515,26.301530153015303
GSC,21.74512743628186,25.188,25.664,28.080540270135067,30.972986493246623,26.32903290329033
POU2F1,21.668165917041478,24.6485,25.138,27.842921460730366,32.48624312156078,26.355535553555356
Nfatc1,23.394302848575713,25.922,26.2185,27.76688344172086,29.74337168584292,26.60826082608261
NFIL3,21.91904047976012,25.1935,25.7805,28.24912456228114,32.00950475237619,26.62916291629163
Dmrt1,21.891554222888555,25.245,26.033,28.313156578289146,31.735367683841922,26.64246424642464
ZNF213,26.46726636681659,29.703,26.69,27.317658829414707,23.483241620810404,26.732473247324734
FOXO4,22.235382308845576,25.4135,26.432,28.515257628814407,31.162581290645324,26.75067506750675
TCF7,22.830584707646178,25.752,26.461,28.084542271135568,30.629814907453728,26.75067506750675
POU4F3,21.649175412293854,24.969,25.6505,28.582291145572785,33.55027513756878,26.878887888788878
TBX4,24.67766116941529,27.3605,26.5975,27.830915457728864,28.14607303651826,26.92209220922092
GSX2,22.51424287856072,25.832,26.297,28.64232116058029,31.47073536768384,26.95019501950195
Npas4,23.664667666166917,27.455,27.1765,28.575787893946973,28.34167083541771,27.04210421042104
Spi1,24.754622688655672,26.651,26.4335,28.563781890945474,29.289644822411205,27.137913791379138
SP8,28.38230884557721,28.3955,25.7285,26.92946473236618,26.407703851925962,27.168916891689168
Erg,24.974012993503248,27.2,26.9365,28.373686843421712,28.52776388194097,27.2019201920192
ZBTB17,22.85007496251874,25.8615,26.2535,28.85342671335668,32.87343671835918,27.337233723372336
TCF4,25.66366816591704,28.815,27.3485,28.882441220610303,26.461730865432717,27.434043404340436
MEOX1,22.848075962018992,26.394,26.836,29.1615807903952,32.55627813906953,27.55805580558056
TEAD4,23.611694152923537,26.557,26.945,29.134067033516757,32.015007503751875,27.65156515651565
FOXJ2::ELF1,23.939530234882557,27.1905,27.3505,29.606303151575787,30.51975987993997,27.72047204720472
PPARA::RXRA,25.300349825087455,27.8385,27.696,29.269634817408704,30.828914457228613,28.186018601860187
BARX2,22.861569215392304,26.3675,27.355,30.40120060030015,34.13706853426714,28.223122312231222
Nkx2-1,24.053973013493252,27.529,28.031,29.682341170585293,31.85742871435718,28.22982298229823
Prdm14,25.263868065967017,28.358,27.98,29.50975487743872,30.339169584792398,28.28952895289529
TWIST1,24.746626686656672,28.671,28.399,30.287643821910955,29.520260130065033,28.324232423242325
EN1,23.067966016991505,26.8685,27.33,30.261630815407702,34.3511755877939,28.374537453745376
PBX2,23.28935532233883,26.901,27.679,30.757378689344673,34.704352176088044,28.664866486648666
Ppara,24.26336831584208,28.1365,28.515,30.3951975987994,32.05152576288144,28.67136713671367
Neurod2,26.283858070964516,29.922,28.701,30.556778389194598,28.39719859929965,28.771777177717773
NOTO,23.68815592203898,27.2715,27.4405,30.655327663831915,35.032016008004,28.816181618161817
BATF,24.18840579710145,27.954,28.633,30.55127563781891,33.086043021510754,28.88148814881488
GRHL2,25.026986506746628,28.7965,28.8195,30.890445222611305,31.210605302651327,28.947994799479947
BSX,23.688655672163918,27.522,28.1795,30.829414707353678,34.860430215107556,29.014701470147013
SOX10,24.901549225387306,28.556,28.9755,30.874437218609305,32.33966983491746,29.12851285128513
FOXB1,23.998500749625187,27.4175,28.244,31.241620810405202,35.14407203601801,29.20782078207821
ZNF384,23.51874062968516,28.2415,29.288,31.721860930465233,33.799899949974986,29.312731273127312
ZBTB12,25.399300349825086,29.9125,28.888,31.09504752376188,31.37718859429715,29.333633363336332
HNF4A,25.620189905047475,28.8475,29.139,30.80440220110055,32.56178089044522,29.393739373937393
CDX2,24.91654172913543,28.2735,29.084,31.761380690345174,34.886443221610804,29.783178317831783
SOX13,25.374812593703147,28.36,28.9515,31.51425712856428,34.73086543271636,29.785178517851786
ETV1,26.92303848075962,29.9815,29.7815,31.47823911955978,31.774887443721862,29.987198719871987
HOXB13,24.563718140929534,28.7555,29.3055,32.37668834417209,35.56378189094547,30.11171117111711
Ikzf3,28.099950024987507,30.752,30.0685,31.65832916458229,31.08654327163582,30.332633263326333
FOXC1,24.865567216391803,29.12,29.7055,32.84342171085543,35.60980490245122,30.42754275427543
ZNF341,27.449775112443778,31.107,30.551,32.230115057528764,31.069534767383693,30.48094809480948
NEUROG2,26.811094452773613,30.9315,30.6455,32.49374687343672,31.733866933466732,30.52245224522452
POU4F1,24.502748625687158,28.42,29.1205,32.54177088544272,38.10605302651326,30.536653665366536
KLF2,31.773113443278362,33.0855,29.2125,30.33016508254127,28.88144072036018,30.656865686568658
ZNF549,29.41329335332334,32.7975,30.9625,31.90945472736368,28.684342171085543,30.753375337533754
FIGLA,28.138930534732634,31.6095,30.519,32.74137068534267,30.798899449724864,30.761076107610762
PRDM1,27.270864567716142,30.233,30.34,32.48424212106053,33.59329664832416,30.783478347834784
Arid3b,24.94952523738131,28.691,29.6435,33.04352176088044,38.10255127563782,30.884488448844884
POU3F1,25.280359820089956,28.891,29.3965,32.78589294647324,38.26063031515758,30.92139213921392
EHF,28.422288855572212,31.035,30.727,32.40520260130065,32.42621310655328,31.002600260026004
Atf3,26.20689655172414,30.14,30.8795,32.86093046523261,35.24912456228114,31.066206620662065
ZBTB7C,30.63968015992004,32.163,30.263,31.78689344672336,30.874937468734366,31.145414541454144
MEIS3,27.497251374312842,31.052,31.3565,33.3551775887944,34.334667333666836,31.518251825182517
RHOXF1,27.89855072463768,31.5995,31.5345,33.035517758879436,34.049024512256125,31.622662266226623
Sox3,27.025487256371814,30.299,30.736,33.547773886943475,36.77988994497249,31.676467646764678
Hand1::Tcf3,28.466766616691654,31.7005,31.5585,33.4072036018009,33.528264132066035,31.731573157315733
PAX4,25.855072463768117,30.011,30.7075,33.950975487743875,38.672336168084044,31.83788378837884
RORC,27.494752623688157,31.5855,31.7015,33.84342171085543,35.83991995997999,32.09200920092009
Hoxa13,26.86056971514243,30.7725,31.5935,34.796898449224614,38.21310655327664,32.44594459445945
RUNX3,28.458270864567716,32.8615,32.422,34.707353676838416,34.483241620810404,32.58565856585658
KLF4,33.29535232383808,34.737,31.524,32.71185592796398,30.985492746373186,32.65096509650965
TEAD2,28.45127436281859,31.8565,32.168,34.5967983991996,37.76138069034517,32.96569656965696
ZNF317,29.65167416291854,33.1855,33.198,35.28814407203602,34.96898449224612,33.25772577257726
FOXA1,27.972013993003497,31.8555,32.7,35.6088044022011,39.14107053526764,33.45414541454146
BNC2,28.479260369815094,32.667,33.34,35.480740370185096,37.76688344172086,33.545654565456545
Shox2,27.222388805597202,31.608,32.2075,35.7263631815908,41.25412706353177,33.6020602060206
GATA6,28.2183908045977,32.197,32.9995,35.870935467733865,38.93446723361681,33.64276427642764
Hand1,31.116941529235383,35.0425,33.6525,35.271135567783894,33.27963981990995,33.672167216721675
HOXA4,28.549225387306347,32.602,33.0605,35.74587293646823,38.524262131065534,33.695169516951694
Hic1,31.151424287856074,34.504,33.696,35.368684342171086,35.220610305152576,33.987598759875986
TCF3,31.93753123438281,35.514,34.0005,35.451225612806404,33.09904952476238,34.000200020002
NKX2-5,30.189905047476262,33.539,33.5775,35.93196598299149,38.76338169084542,34.399339933993396
Nobox,28.088455772113942,32.6035,33.4565,36.79639819909955,41.79539769884943,34.54645464546454
FOXA2,28.843578210894552,33.071,33.928,36.76488244122061,40.54827413706853,34.62976297629763
Sox17,29.7936031984008,33.3355,33.9415,36.82541270635318,39.76488244122061,34.73097309730973
TFAP2B,36.01649175412294,38.736,34.1185,34.09704852426213,30.973486743371687,34.78887888788879
NFIC,31.162418790604697,34.853,34.6825,36.24762381190595,37.46273136568284,34.88088808880888
Vdr,29.825087456271863,34.526,34.917,37.253626813406704,38.58679339669835,35.02060206020602
Foxf1,29.243378310844577,33.6435,34.4535,37.40470235117559,41.02751375687844,35.15311531153115
FOXK1,29.84407796101949,33.8945,34.7065,37.23661830915458,40.18609304652326,35.17231723172317
FOXC2,29.302348825587206,34.03,34.6685,38.28664332166083,41.256628314157076,35.50735073507351
Elf5,32.6151924037981,35.313,35.091,37.084042021010504,37.44622311155578,35.50925092509251
GABPA,32.356821589205396,35.4975,35.0895,37.159079539769884,37.487243621810904,35.51735173517352
DMRTA2,31.11544227886057,35.4915,35.1145,37.49774887443722,38.68734367183592,35.58035803580358
GATA4,30.59670164917541,34.7145,35.1175,37.65432716358179,40.09954977488744,35.63536353635364
FOSL1::JUN,30.192903548225885,34.385,35.578,37.70785392696348,40.68634317158579,35.70877087708771
SOX2,30.501249375312344,34.235,34.8095,37.82991495747874,41.327663831915956,35.73937393739374
GATA1,29.673663168415793,34.347,35.0,38.15107553776888,42.32216108054027,35.8972897289729
ZNF263,35.08145927036482,37.866,35.2785,36.944972486243124,34.74887443721861,35.983898389838984
ELF3,33.10294852573713,36.046,35.771,37.8424212106053,37.64532266133067,36.08090809080908
Nanog,30.70464767616192,35.254,35.7505,38.491245622811405,40.32266133066533,36.103410341034106
Sox11,31.40529735132434,35.5035,35.7235,38.28314157078539,39.84992496248124,36.15201520152015
FEZF2,34.37181409295352,38.2495,36.118,37.3871935967984,34.924462231115555,36.21002100210021
NKX6-1,29.816591704147925,34.2485,35.0635,38.36618309154577,43.780390195097546,36.25342534253426
NKX2-2,33.832583708145926,36.777,36.1525,37.89694847423712,38.832916458229114,36.6977697769777
NFYC,32.02098950524738,35.9405,36.0955,38.73486743371686,40.80840420210105,36.71897189718972
Nfatc2,32.35832083958021,36.0745,36.701,39.15007503751876,42.40120060030015,37.33583358335834
NKX2-8,33.71864067966017,37.2325,36.836,39.00350175087544,40.7543771885943,37.50815081508151
HMBOX1,31.298850574712645,35.925,37.2885,40.17808904452226,44.79739869934968,37.89598959895989
POU5F1B,31.34632683658171,35.5805,36.289,40.073536768384194,46.431715857928964,37.94249424942494
HOXC8,31.721639180409795,35.7135,36.9905,40.27963981990995,45.82941470735368,38.10531053105311
Prdm5,35.019490254872565,38.397,37.5155,39.98949474737368,39.61230615307654,38.106110611061105
ZNF175,34.282858570714644,37.9905,37.916,40.11255627813907,40.98149074537269,38.25582558255826
HOXB6,32.64217891054473,36.989,37.9765,41.072536268134066,45.93746873436719,38.92199219921992
Hnf1A,33.39530234882559,38.1295,38.756,41.66133066533266,43.70535267633817,39.128212821282126
Foxl2,32.7736131934033,37.59,38.6945,42.11955977988995,46.46273136568284,39.52645264526453
MEF2A,32.15892053973013,37.88,38.309,42.74587293646823,47.96648324162081,39.81018101810181
BCL11A,35.87206396801599,40.5045,39.92,42.06403201600801,40.983991995998,39.86818681868187
Zic3,38.21739130434783,41.8445,39.747,41.36918459229615,38.19659829914958,39.874787478747876
RORB,34.28585707146427,39.111,39.4245,42.02251125562781,44.69734867433717,39.90699069906991
Hmga1,32.199400299850076,37.796,38.5875,43.144572286143074,49.22411205602801,40.18831883188319
PITX3,33.8015992003998,39.1495,39.698,42.52376188094047,46.15857928964482,40.26482648264827
TRPS1,33.839080459770116,38.686,39.6565,42.91995997999,46.59979989994998,40.33873387338734
ERF::FOXI1,35.64467766116942,40.343,40.2795,42.52576288144072,43.01450725362681,40.36053605360536
NKX2-4,36.89905047476262,40.843,39.9275,42.275137568784395,43.21210605302651,40.63056305630563
Irf1,34.56371814092954,39.5775,40.5095,44.10905452726363,46.180590295147574,40.98659865986598
FOXS1,34.66766616691654,39.4565,40.4135,43.53576788394197,46.89744872436218,40.992699269926995
SOX8,34.28385807096452,38.71,39.921,43.67883941970985,48.45072536268134,41.00720072007201
HOXA9,34.3808095952024,39.3245,40.268,43.69534767383692,47.733866933466736,41.078907890789075
RAX,33.107946026986504,38.6895,39.4495,43.800900450225114,50.39169584792396,41.085908590859084
POU5F1,35.10894552723638,39.392,40.1705,43.66433216608304,49.257628814407205,41.517051705170516
Six4,35.42278860569715,40.8745,41.3915,44.270135067533765,46.14407203601801,41.61926192619262
FOXD3,34.79660169915042,39.9925,40.5845,44.89094547273637,49.44972486243122,41.94109410941094
Gata3,35.79210394802599,40.947,41.628,44.83391695847924,47.75387693846923,42.18951895189519
VSX2,34.12893553223388,39.93,40.8315,44.777388694347174,51.350175087543775,42.201620162016205
ZSCAN21,36.7616191904048,41.696,42.4655,44.795897948974485,45.969484742371186,42.336533653365336
FOXA3,35.64267866066967,40.764,41.853,44.88994497248624,48.7703851925963,42.38243824382438
Runx1,38.82458770614693,43.2945,42.3975,44.89544772386193,44.33516758379189,42.74867486748675
Bcl11B,36.91254372813593,42.587,42.881,45.97498749374687,46.475737868934466,42.96499649964996
FOXP1,36.25637181409295,41.3695,42.4205,45.731865932966485,50.09054527263632,43.17211721172117
Arid5a,34.99000499750125,40.1315,41.3785,46.806903451725866,54.613806903451724,43.58185818581858
RELB,40.66066966516742,43.9005,42.635,44.97848924462231,45.99399699849925,43.633063306330634
Nfat5,38.0039980009995,42.62,42.9965,46.59129564782391,50.186593296648326,44.078207820782076
Lef1,38.07846076961519,42.9025,43.868,46.69634817408704,49.7983991995998,44.26732673267327
OSR2,40.37231384307846,45.3175,44.521,46.95897948974487,45.268134067033515,44.486848684868484
Atoh1,38.73463268365817,45.029,44.9605,47.47773886943472,47.510755377688845,44.74137413741374
IKZF1,39.94702648675662,44.3425,44.5075,47.51375687843922,48.31865932966483,44.92479247924793
TCF12,42.5912043978011,46.783,44.876,46.927963981991,44.02701350675338,45.04070407040704
FOS::JUN,38.79860069965017,44.358,45.466,47.96498249124562,50.67183591795898,45.45044504450445
SOX15,38.262368815592204,43.337,44.4045,48.30415207603802,53.24412206103052,45.50865086508651
SRY,37.99400299850075,43.3615,44.782,48.548774387193596,53.707353676838416,45.676867686768674
FOSL1::JUNB,38.982508745627186,44.607,45.185,48.43621810905453,52.05552776388194,45.85168516851685
SOX9,39.39430284857571,44.0255,45.078,48.80440220110055,54.00700350175087,46.26012601260126
DLX1,38.13643178410795,43.9585,45.005,49.32066033016508,55.483241620810404,46.37873787378738
Pparg::Rxra,42.952523738130935,47.439,46.2865,49.04602301150575,49.72186093046523,47.088308830883086
FOXP3,40.52623688155922,45.6945,46.778,50.327663831915956,53.73686843421711,47.41104110411041
FOXK2,40.172413793103445,45.7655,46.8775,50.487243621810904,54.71185592796398,47.6011601160116
HIC2,44.116441779110446,48.3845,47.1315,49.946973486743374,51.00550275137569,48.11611161116112
TFAP2A,48.73163418290854,53.495,47.2105,47.96648324162081,43.441720860430216,48.16961696169617
Foxo3,41.15192403798101,46.9045,48.114,51.615807903951975,55.25112556278139,48.605760576057605
NFATC3,45.319340329835086,49.4915,47.7835,50.293646823411706,50.6328164082041,48.7034703470347
Stat2,41.02348825587207,47.162,48.1435,52.52226113056528,54.82891445722861,48.734273427342735
MEIS2,41.51974012993503,47.5835,47.9465,52.68934467233617,56.53926963481741,49.25382538253825
TBX5,46.527736131934034,50.4355,48.8775,51.343171585792895,52.0040020010005,49.836883688368836
FOXP4,42.96251874062968,48.8925,49.8645,53.725862931465734,57.11205602801401,50.50975097509751
ZBTB24,48.41729135432284,54.071,50.365,52.346173086543274,48.409704852426216,50.721672167216724
BARHL2,41.968515742128936,49.2535,50.747,55.495247623811906,62.5247623811906,51.99539953995399
EVX2,43.927536231884055,50.78,51.841,56.91745872936468,64.03801900950475,53.4984498449845
DLX6,43.843578210894556,50.902,51.983,57.473736868434216,65.20260130065033,53.87848784878488
HOXA10,43.712143928035985,51.241,52.428,58.01450725362681,64.61580790395197,53.999799979998
PRRX1,43.89455272363818,50.974,52.157,57.631315657828914,65.40470235117559,54.00980098009801
TFAP2C,54.32833583208396,59.9985,53.2205,54.05252626313157,48.86793396698349,54.094109410941094
Lhx4,44.35732133933033,51.2665,52.2915,57.97148574287144,65.6008004002001,54.29502950295029
NFIX,50.7896051974013,56.509,54.957,57.560280140070034,55.850425212606304,55.13251325132513
VSX1,46.13343328335832,53.4575,54.5655,60.143571785892945,68.83741870935468,56.624862486248624
POU6F1,46.76261869065467,53.922,54.7665,59.997498749374685,67.92196098049024,56.671667166716674
GSC2,48.00499750124938,54.822,55.516,60.115557778889446,66.18609304652327,56.926792679267926
NR2C2,52.81009495252374,57.521,56.1745,58.9559779889945,59.27163581790895,56.945794579457946
Foxo1,49.35382308845577,56.148,57.3935,61.348174087043525,65.0455227613807,57.855885588558856
EVX1,47.57021489255372,55.0385,56.2275,61.65432716358179,69.00450225112556,57.896489648964895
ZNF35,48.34032983508246,55.3975,56.934,62.545772886443224,70.46773386693347,58.73447344734473
JUN::JUNB,50.368315842078964,57.7215,58.992,62.5927963981991,65.22761380690345,58.97859785978598
TBP,48.284857571214395,56.1665,57.7065,64.13656828414207,72.71735867933967,59.7994799479948
MSANTD3,55.031484257871064,60.51,60.848,64.64682341170585,69.032016008004,62.01200120012001
MEIS1,53.66066966516742,60.728,61.7475,66.70785392696348,69.92446223111556,62.55165516551655
HOXB3,51.10094952523738,59.4335,60.662,66.88494247123562,74.76838419209605,62.567156715671565
ASCL1,58.42528735632184,65.6915,63.0045,66.74937468734367,60.935467733866936,62.96059605960596
MEOX2,53.09545227386307,61.108,62.2565,67.9544772386193,75.32066033016508,63.94439443944395
ZNF354A,51.48725637181409,60.5485,62.5675,69.98849424712355,78.66633316658329,64.64836483648365
SHOX,59.52423788105947,68.6855,70.348,77.77188594297148,88.10205102551275,72.88298829882989
HOXA6,61.32633683158421,70.5335,72.071,78.58179089544772,87.6463231615808,74.02870287028703
LBX2,61.41379310344828,70.7785,72.308,78.91995997999,87.81390695347673,74.24372437243724
Dlx4,62.41729135432284,72.205,74.01,81.12106053026513,91.07703851925963,76.16271627162716
MIXL1,62.454272863568214,72.143,73.6865,81.37218609304652,91.81790895447723,76.29132913291329
NKX6-2,65.18590704647676,74.8575,76.571,84.3656828414207,95.36818409204602,79.26612661266127
ALX3,65.0264867566217,75.254,77.1155,85.18809404702351,96.3231615807904,79.77777777777777
RAX2,66.04097951024488,76.126,77.8515,85.95897948974488,96.96198099049525,80.58425842584258
UNCX,66.74462768615692,77.1595,79.0695,87.29664832416208,98.66433216608304,81.78317831783178
ISL2,69.59220389805097,79.397,80.084,87.09004502251126,96.17008504252126,82.46354635463547
Ptf1A,74.25837081459271,84.749,83.6115,89.35817908954478,85.1295647823912,83.41964196419642
HOXA7,69.7631184407796,80.0305,81.636,90.17408704352177,102.43021510755378,84.80298029802981
Dlx3,70.76011994002998,81.793,83.835,91.73636818409204,102.99099549774887,86.21932193219322
VAX1,73.50174912543729,84.6845,86.645,94.6168084042021,107.49574787393696,89.38483848384838
VAX2,75.2423788105947,86.496,89.17,97.8824412206103,111.38119059529765,92.03020302030203
GSX1,84.50424787606197,98.113,100.6615,111.01100550275137,125.78139069534767,104.00940094009401
FOSL1::JUND,117.36581709145428,134.475,136.596,145.3176588294147,153.65232616308154,137.47694769476948
